Product Name,Product Type,Horizontal Accuracy,Vertical Accuracy,Resolution,Coverage,Status,Offline Formats,Online Formats,Source/Producer,Data Provider,References
HgM008,Gravity,N/A,N/A,16ppd,Global,Current,IMG,?,GSFC,PDS,['Genova:2019grl']
MLA Derived Geodetic Parameters,Geodetic Coordinate Reference Frame (or Proxy),?,?,300kmpp,Global,Current,IMG,?,"Zuber, et al.",PDS,['Zuber:2012sci']
Mariner 10 Dervied DEM,Elevation,~20km,?,300kmpp,Regional,Superseded,?,?,Cook et al.,?,Cook:2000jgr
MESSENGER MDIS Global DEM,Elevation,?,?,64ppd / 655mpp,Global,Current,"['GeoTiff', 'IMG', 'JPEG2000', 'Cube']",?,"['USGS', 'APL', 'Carnegie Science']","['PDS', 'USGS']",['Becker:2016lpsc']
MESSENGER North Polar MLA Derived DEM V2,Elevation,?,?,250mpp,75N - 90N,Current,"['IMG', 'JPEG2000']",?,GSFC,PDS,['Solomon:2007ssr']
MESSENGER North Polar MLA Derived DEM V1,Elevation,?,?,2.66kmpp,18S - 90N (Partial),Partially Superseded,"['IMG', 'JPEG2000']",?,GSFC,PDS,['Solomon:2007ssr']
MESSENGER DEM H03 Quad,Elevation,45m,30m,220mpp,Quad,Current,"['IMG', 'JPEG2000']",?,DLR,PDS,['Preusker:2017lpsc']
MESSENGER DEM H05 Quad, Elevation,?,35m,220mpp,Quad,Current,"['IMG', 'JPEG2000']",?,DLR,PDS,['Stark:2017lpsc']
MESSENGER DEM H06 Quad,Elevation,55m,30m,220mpp,Quad,Current,"['IMG', 'JPEG2000']",?,DLR,PDS,['Preusker:2017pss']
MESSENGER DEM H07 Quad,Elevation,?,35m,220mpp,Quad,Current,"['IMG', 'JPEG2000']",?,DLR,PDS,['Oberst:2017lpsc']
ASU Regional DEMs,Elevation,70-380m (See reference),2-255m (See reference),See reference,Regional,Current,"['GeoTiff', 'IMG']",?,ASU,PDS,['Manheim:2017pdw']
Fassett Regional DEMs,Elevation,50-250m (See reference),10m (See reference),See reference,Regional,Current,"['GeoTiff', 'IMG']","?Fassett, et al.",Web page ; See Reference,"['Fassett:2016pss', 'Fassett:2018web']",
Mariner 10 Mosaic,Absolutely Controlled Orthomosaics,~20km,?,1kmpp,Regional,Superseded,['IMG'],?,ASU,ASU,['Robinson:1999jgr']
Regional Orthoimages,Absolutely Controlled Orthoimages,70-380m (See reference),2-255m (See reference),See reference,Regional,Current,"['GeoTiff', 'IMG']",?,ASU,PDS,['Manheim:2017pdw']
Mercury MESSENGER MDIS Global Basemap BDR,Absolutely Controlled Orthomosaic,?,?,256ppd / 166mpp,Global,Current,"['GeoTiff', 'IMG']",WMS,ACTC,PDS,['Murchie:2017']
MESSENGER Wide Angle Map-Projected Regional Targeted Mosaic,Absolutely Controlled Orthomosaics,?,?,591ppd / 72mpp ,Regional,Current,IMG,?,ACTC,PDS,['Murchie:2017']
MESSENGER MDIS NAC/WAC Mosaics (By Mercury Quad / BDR Data),Absolutely Controlled Orthomosaics,?,?,256ppd / 166mpp,Global,Current,IMG,?,ACTC,PDS,['Murchie:2017']
MESSENGER MDIS NAC/WAC High Incidence Angle East Mosaic,Absolutely Controlled Orthomosaics,?,?,256ppd / 166mpp,Global,Current,IMG,?,ACTC,PDS,['Murchie:2017']
MESSENGER MDIS NAC/WAC High Incidence Angle West Mosaic,Absolutely Controlled Orthomosaics,?,?,256ppd / 166mpp,Global,Current,IMG,?,ACTC,PDS,['Murchie:2017']
MESSENGER MDIS NAC/WAC Low Incidence Angle Mosaic,Absolutely Controlled Orthomosaics,?,?,256ppd / 166mpp,Global,Current,IMG,?,ACTC,PDS,['Murchie:2017']
MESSENGER MDIS 5-Color Map Projected Multispectral Mosaic,Absolutely Controlled Orthomosaic,?,?,128ppd / 332mpp,Global,Current,IMG,?,ACTC,PDS,['Denevi:2016lpsc']
